{"question": "I am a 15-year-old male weighing 60 kg, and I want to bulk up. What are some tips for gaining muscle?", "context": "Looking to gain muscle as a 15-year-old male weighing 60 kg.", "answer": "To bulk up and gain muscle, focus on a high-protein diet, compound exercises like squats and deadlifts, and ensure you are in a caloric surplus. Also, get enough rest and sleep to aid in muscle recovery.", "category": "brainstorming"}
{"question": "As a teenage girl looking to get stronger, what are some fitness tips to increase my strength?", "context": "Wanting to increase strength as a teenage girl.", "answer": "To build strength, incorporate resistance training into your routine. Focus on exercises like bench press, shoulder press, and pull-ups. Gradually increase the weight and intensity as you progress.", "category": "brainstorming"}
{"question": "I want to lose weight and get fit. What are some effective weight loss strategies?", "context": "Seeking effective weight loss strategies to get fit.", "answer": "To lose weight, combine a balanced diet with regular exercise. Incorporate cardio workouts like running or cycling and add strength training to build muscle and boost metabolism.", "category": "brainstorming"}
{"question": "What are some essential warm-up exercises I should do before my workout?", "context": "Wondering about warm-up exercises to do before a workout.", "answer": "Before your workout, perform dynamic stretches like leg swings, arm circles, and lunges. This helps increase blood flow, improves flexibility, and reduces the risk of injury.", "category": "brainstorming"}
{"question": "As a beginner, how can I start a fitness routine that I can stick to?", "context": "Just starting out as a beginner and looking for a sustainable fitness routine.", "answer": "Start with a simple workout plan that includes activities you enjoy, like swimming, dancing, or walking. Gradually increase the intensity and duration as your fitness level improves.", "category": "brainstorming"}
{"question": "What are some healthy snacks I can eat after my workout?", "context": "Curious about healthy post-workout snacks.", "answer": "Opt for post-workout snacks that combine protein and carbohydrates, such as a protein shake, yogurt with fruits, or a turkey sandwich on whole-grain bread.", "category": "brainstorming"}
{"question": "I often feel sore after exercising. What can I do to reduce muscle soreness?", "context": "Looking for ways to reduce muscle soreness after exercising.", "answer": "To reduce muscle soreness, make sure to stretch after your workout and consider using foam rollers for self-myofascial release. Additionally, getting enough rest and staying hydrated can help with recovery.", "category": "brainstorming"}
{"question": "What are some effective ways to improve my cardiovascular endurance?", "context": "Seeking effective methods to improve cardiovascular endurance.", "answer": "To improve cardiovascular endurance, engage in activities like running, cycling, or swimming regularly. Aim to gradually increase the duration and intensity of your workouts.", "category": "brainstorming"}
{"question": "I have limited time for exercise. What are some quick but effective workouts I can do?", "context": "In need of quick and effective workout options due to limited time.", "answer": "High-Intensity Interval Training (HIIT) workouts are excellent for time efficiency. They involve short bursts of intense exercise followed by brief rest periods, making them highly effective in a short amount of time.", "category": "brainstorming"}
{"question": "How can I stay motivated to work out regularly?", "context": "Struggling to stay motivated for regular workouts.", "answer": "Set achievable goals, track your progress, and find a workout buddy or join fitness classes to stay motivated. Reward yourself for reaching milestones and remind yourself of the benefits of regular exercise.", "category": "brainstorming"}
{"question": "I want to improve my flexibility. What are some good flexibility exercises?", "context": "Looking to enhance flexibility through exercises.", "answer": "Include exercises like yoga, Pilates, and static stretching in your routine to improve flexibility. Stretch major muscle groups and hold each stretch for at least 20-30 seconds.", "category": "brainstorming"}
{"question": "What should I eat before a workout to have enough energy for exercising?", "context": "Wondering about pre-workout nutrition for sufficient energy.", "answer": "Consume a balanced meal containing carbohydrates and protein about 1-2 hours before your workout. This could be a chicken sandwich, brown rice with vegetables, or a banana with peanut butter.", "category": "brainstorming"}
{"question": "I am a busy professional. How can I incorporate fitness into my daily routine?", "context": "Struggling to find time for fitness due to a busy professional life.", "answer": "Find creative ways to add exercise to your day, such as taking short walks during breaks, using stairs instead of elevators, or doing bodyweight exercises at home.", "category": "brainstorming"}
{"question": "What are some tips to prevent exercise-related injuries?", "context": "Seeking tips to avoid exercise-related injuries.", "answer": "Always warm up before exercising, use proper form during workouts, and avoid overtraining. Listen to your body and give it time to recover between intense sessions.", "category": "brainstorming"}
{"question": "What are the benefits of strength training for women?", "context": "Curious about the benefits of strength training for women.", "answer": "Strength training helps increase bone density, improve metabolism, and boost overall strength. It also enhances functional fitness and can contribute to a toned physique.", "category": "brainstorming"}
{"question": "How can I improve my posture through exercise?", "context": "Looking to improve posture through exercises.", "answer": "Incorporate exercises that target your core and back muscles, like planks, bird-dogs, and rows. Practicing yoga can also help improve posture and alignment.", "category": "brainstorming"}
{"question": "What are some healthy options to stay hydrated during workouts?", "context": "Seeking healthy hydration options during workouts.", "answer": "Water is the best option to stay hydrated during workouts. If your workout is intense and lasts longer than an hour, consider a sports drink with electrolytes.", "category": "brainstorming"}
{"question": "I'm interested in running a marathon. How should I train for it?", "context": "Considering running a marathon and need guidance on training.", "answer": "Start with a structured marathon training plan that gradually increases your mileage over several months. Focus on building endurance through long runs and cross-training for strength and flexibility.", "category": "brainstorming"}
{"question": "How can I prevent workout burnout and stay consistent?", "context": "Experiencing workout burnout and seeking ways to stay consistent.", "answer": "Vary your workouts to keep them interesting, take rest days, and listen to your body. Avoid pushing yourself too hard, too fast, and remember that consistency is more important than occasional intensity.", "category": "brainstorming"}
{"question": "What are some tips for staying safe while exercising outdoors?", "context": "Looking for safety tips for outdoor exercise.", "answer": "Always wear appropriate gear and footwear, apply sunscreen, and stay hydrated. If exercising at night, wear reflective clothing and stick to well-lit areas.", "category": "brainstorming"}
{"question": "What are the best exercises to tone my abs?", "context": "Interested in exercises to tone the abdominal muscles.", "answer": "Effective ab exercises include crunches, planks, bicycle crunches, and leg raises. Incorporate these into your routine, but also remember that overall body fat reduction is essential for visible abs.", "category": "brainstorming"}
{"question": "I'm recovering from an injury. What are some safe exercises I can do during this time?", "context": "Injured and looking for safe exercises during recovery.", "answer": "Focus on low-impact exercises like swimming, stationary cycling, or gentle yoga to aid in recovery without putting too much strain on the injured area.", "category": "brainstorming"}
{"question": "What should I eat after an intense workout to promote muscle recovery?", "context": "Seeking post-workout nutrition for muscle recovery.", "answer": "After an intense workout, consume a meal rich in protein and carbohydrates to replenish energy stores and support muscle repair. Examples include a chicken and quinoa bowl or a protein-rich smoothie with fruits.", "category": "brainstorming"}
{"question": "What are some ways to improve my balance and stability?", "context": "Looking to enhance balance and stability through exercises.", "answer": "Incorporate exercises like single-leg balances, stability ball exercises, and yoga poses that challenge your balance and engage core muscles.", "category": "brainstorming"}
{"question": "I am a 15-year-old male weighing 60 kg, and I want to bulk up. What are some of the best exercises to build muscle?", "context": "Seeking muscle-building exercises as a 15-year-old male weighing 60 kg.", "answer": "For muscle building, focus on compound exercises like squats, deadlifts, bench press, and pull-ups. These exercises target multiple muscle groups and stimulate overall muscle growth.", "category": "general_qa"}
{"question": "As a teenage girl looking to get stronger, what are the most effective exercises to increase my strength?", "context": "Interested in effective exercises to increase strength as a teenage girl.", "answer": "To build strength, incorporate exercises like push-ups, shoulder press, bent-over rows, and weighted lunges. These exercises engage major muscle groups and promote strength gains.", "category": "general_qa"}
{"question": "What are the best exercises to include in a weight loss workout routine?", "context": "Seeking effective exercises for a weight loss workout routine.", "answer": "For weight loss, combine cardiovascular exercises like running, cycling, and jump rope with strength training exercises like squats, lunges, and kettlebell swings to burn calories and boost metabolism.", "category": "general_qa"}
{"question": "I want to focus on core strength. What are some great exercises to target my core?", "context": "Looking to target core strength through exercises.", "answer": "To strengthen your core, include exercises like planks, Russian twists, bicycle crunches, and leg raises. These exercises engage your abdominal muscles and improve core stability.", "category": "general_qa"}
{"question": "What are some effective exercises to tone my arms?", "context": "Interested in exercises to tone the arm muscles.", "answer": "To tone your arms, incorporate exercises like bicep curls, tricep dips, push-ups, and overhead presses. These exercises target the arm muscles and help define them.", "category": "general_qa"}
{"question": "I am interested in improving my posture. What are some exercises to help with that?", "context": "Looking for exercises to improve posture and alignment.", "answer": "To improve posture, include exercises like rows, reverse flyes, and chin tucks. Additionally, yoga and Pilates can help strengthen the core and promote better alignment.", "category": "general_qa"}
{"question": "What are the best exercises for building leg strength and size?", "context": "Seeking exercises to build leg strength and size.", "answer": "For building leg strength and size, focus on exercises like squats, lunges, deadlifts, leg press, and calf raises. These exercises target the major muscles in your legs.", "category": "general_qa"}
{"question": "I want to work on my back muscles. What are some effective back exercises?", "context": "Looking for effective exercises to work on back muscles.", "answer": "To work on your back muscles, incorporate exercises like pull-ups, bent-over rows, lat pulldowns, and Superman holds. These exercises target different areas of your back.", "category": "general_qa"}
{"question": "What are some of the best exercises to improve flexibility?", "context": "Interested in exercises to improve flexibility.", "answer": "To improve flexibility, practice yoga, and include dynamic stretches like leg swings, arm circles, and hip circles. Static stretches for major muscle groups are also beneficial.", "category": "general_qa"}
{"question": "I am looking to target my glutes. What exercises are best for glute activation?", "context": "Seeking glute activation exercises.", "answer": "To target your glutes, include exercises like squats, lunges, glute bridges, and step-ups. These exercises engage and activate the glute muscles.", "category": "general_qa"}
{"question": "What are some effective full-body exercises that provide a great workout?", "context": "Interested in full-body exercises for a comprehensive workout.", "answer": "Full-body exercises like burpees, mountain climbers, kettlebell swings, and rowing provide an excellent workout that engages multiple muscle groups simultaneously.", "category": "general_qa"}
{"question": "I want to start resistance training. What are the best exercises to begin with?", "context": "Looking to start resistance training and need beginner-friendly exercises.", "answer": "For beginners, start with exercises like bodyweight squats, push-ups, dumbbell rows, and assisted pull-ups. These exercises help establish a foundation for more advanced training.", "category": "general_qa"}
{"question": "What are some good exercises to improve cardiovascular fitness without equipment?", "context": "Looking for equipment-free exercises to improve cardiovascular fitness.", "answer": "Burpees, jumping jacks, high knees, and mountain climbers are excellent bodyweight exercises that can improve cardiovascular fitness without the need for equipment.", "category": "general_qa"}
{"question": "I'm interested in trying calisthenics. Where should I begin as a beginner?", "context": "Looking to start calisthenics as a beginner.", "answer": "As a beginner, focus on fundamental calisthenics exercises like push-ups, pull-ups, dips, squats, and leg raises. Mastering these basics will set you up for more advanced movements.", "category": "general_qa"}
{"question": "What are some low-impact exercises that are easy on the joints?", "context": "Seeking low-impact exercises to protect the joints.", "answer": "Low-impact exercises like swimming, cycling, elliptical training, and yoga are gentle on the joints while still providing a good workout.", "category": "general_qa"}
{"question": "How can I incorporate stretching into my daily routine?", "context": "Looking to include stretching in daily routine.", "answer": "Set aside dedicated time for stretching exercises, either in the morning or before bedtime. You can also stretch after workouts to aid in muscle recovery.", "category": "general_qa"}
{"question": "I want to improve my vertical jump. What exercises can help increase my vertical leap?", "context": "Seeking exercises to improve vertical jump and leap.", "answer": "To improve your vertical jump, include exercises like box jumps, depth jumps, squat jumps, and calf raises. Plyometric exercises can help increase explosive power.", "category": "general_qa"}
{"question": "What are some effective exercises for relieving lower back pain?", "context": "Looking for exercises to relieve lower back pain.", "answer": "Exercises like cat-cow stretch, pelvic tilts, bird-dogs, and child's pose can help relieve lower back pain. Strengthening the core and back muscles is also beneficial.", "category": "general_qa"}
{"question": "How can I make the most out of my gym workout?", "context": "Looking for tips to maximize gym workout.", "answer": "Set clear workout goals, follow a structured plan, challenge yourself with progressive overload, and focus on proper form. Don't forget to warm up and cool down properly.", "category": "general_qa"}
{"question": "I'm interested in bodyweight training. What are the best exercises to build strength?", "context": "Looking for bodyweight exercises to build strength.", "answer": "Bodyweight exercises like push-ups, pull-ups, planks, dips, and pistol squats are effective for building strength without the need for equipment.", "category": "general_qa"}
{"question": "What are some effective exercises to target my chest muscles?", "context": "Interested in exercises to target chest muscles.", "answer": "To target your chest muscles, include exercises like bench press, push-ups, chest flyes, and dumbbell press. These exercises engage the pectoral muscles effectively.", "category": "general_qa"}
{"question": "What are some fun and engaging exercises to do with a group of friends?", "context": "Looking for fun and engaging group exercises.", "answer": "Consider activities like group fitness classes, team sports, partner workouts, or even outdoor activities like hiking or cycling with friends.", "category": "general_qa"}
{"question": "What are some effective exercises for toning the inner thighs?", "context": "Interested in exercises to tone the inner thigh muscles.", "answer": "To tone the inner thighs, include exercises like side lunges, sumo squats, inner thigh lifts, and seated leg circles. These exercises target the adductor muscles of the inner thighs.", "category": "general_qa"}
{"question": "I want to start doing yoga. What are some beginner-friendly poses to begin with?", "context": "Looking to start yoga and need beginner-friendly poses.", "answer": "As a beginner, start with poses like mountain pose, downward-facing dog, warrior 2, child's pose, and cobra pose. These poses help build flexibility and strength.", "category": "general_qa"}
{"question": "What are some effective exercises to target the shoulders and build strength?", "context": "Interested in exercises to target and strengthen the shoulders.", "answer": "To target the shoulders, include exercises like shoulder press, lateral raises, front raises, and upright rows. These exercises engage the deltoid muscles and promote shoulder strength.", "category": "general_qa"}
{"question": "I want to work on my balance and coordination. What exercises can help with that?", "context": "Looking to improve balance and coordination through exercises.", "answer": "Incorporate exercises like single-leg balance, Bosu ball exercises, ladder drills, and agility ladder exercises to challenge and improve your balance and coordination.", "category": "general_qa"}
{"question": "What are some effective exercises to target the triceps and get rid of bat wings?", "context": "Interested in exercises to target the triceps and tone the arms.", "answer": "To target the triceps, include exercises like tricep dips, tricep pushdowns, close-grip push-ups, and overhead tricep extensions. These exercises can help tone the arms and reduce the appearance of bat wings.", "category": "general_qa"}
{"question": "I'm looking for exercises to do with resistance bands. What are some effective ones?", "context": "Seeking effective exercises using resistance bands.", "answer": "Exercises like banded squats, banded lateral walks, banded glute bridges, and banded shoulder presses are effective when using resistance bands.", "category": "general_qa"}
{"question": "What are some tips for improving grip strength?", "context": "Looking to improve grip strength.", "answer": "Incorporate exercises like farmer's walks, dead hangs, grip squeezes, and kettlebell exercises to strengthen your grip.", "category": "general_qa"}
{"question": "I want to work on my biceps. What are some effective bicep exercises?", "context": "Interested in exercises to target the biceps.", "answer": "To target the biceps, include exercises like bicep curls, hammer curls, chin-ups, and preacher curls. These exercises engage the bicep muscles effectively.", "category": "general_qa"}
{"question": "What are some good exercises to improve hip mobility?", "context": "Looking to improve hip mobility through exercises.", "answer": "Incorporate exercises like hip circles, hip flexor stretches, lateral leg raises, and deep squats to improve hip mobility and flexibility.", "category": "general_qa"}
{"question": "How can I add more intensity to my workouts without increasing the duration?", "context": "Looking to increase workout intensity without extending duration.", "answer": "Incorporate interval training, increase resistance or weight in strength exercises, shorten rest periods, and perform explosive movements to add intensity to your workouts.", "category": "general_qa"}
{"question": "What are some exercises I can do at my desk to avoid sitting for too long?", "context": "Seeking desk exercises to combat prolonged sitting.", "answer": "Desk exercises like seated leg raises, chair squats, desk push-ups, and shoulder rolls can help keep you active and combat the negative effects of prolonged sitting.", "category": "general_qa"}
{"question": "What are some effective exercises to strengthen the core?", "context": "Interested in exercises to strengthen the core muscles.", "answer": "To strengthen the core, include exercises like plank variations, Russian twists, bicycle crunches, and hanging leg raises. These exercises target the abdominal and oblique muscles.", "category": "general_qa"}
{"question": "What are some effective exercises to target the hamstrings?", "context": "Seeking exercises to target the hamstrings.", "answer": "To target the hamstrings, include exercises like deadlifts, hamstring curls, glute-ham raises, and Romanian deadlifts. These exercises engage and strengthen the hamstrings effectively.", "category": "general_qa"}
{"question": "How can I make sure I'm doing exercises with the correct form?", "context": "Looking to ensure proper form during exercises.", "answer": "Seek guidance from a certified fitness trainer, use mirrors to check your form, and start with lighter weights to practice proper technique before progressing to heavier loads.", "category": "general_qa"}
{"question": "What are some effective exercises to target the quadriceps?", "context": "Interested in exercises to target the quadriceps.", "answer": "To target the quadriceps, include exercises like squats, lunges, leg extensions, and step-ups. These exercises engage and strengthen the quadriceps muscles effectively.", "category": "general_qa"}
{"question": "I'm interested in trying Pilates. What are some beginner-friendly exercises to start with?", "context": "Looking to start Pilates and need beginner-friendly exercises.", "answer": "As a beginner, start with exercises like the hundred, roll-up, single-leg circles, and pelvic curls. These foundational Pilates exercises help build core strength and flexibility.", "category": "general_qa"}
{"question": "What are some exercises to do during pregnancy to stay active and healthy?", "context": "Seeking pregnancy-safe exercises to stay active.", "answer": "Pregnancy-safe exercises include walking, swimming, prenatal yoga, and modified strength training exercises. Always consult with a healthcare professional before starting any exercise during pregnancy.", "category": "general_qa"}
{"question": "What are some effective exercises to target the glutes and get a rounder butt?", "context": "Interested in exercises to target and tone the glute muscles.", "answer": "To target the glutes and get a rounder butt, include exercises like hip thrusts, Bulgarian split squats, glute bridges, and donkey kicks. These exercises engage and activate the glute muscles.", "category": "general_qa"}
{"question": "What are some exercises to improve lateral stability?", "context": "Looking to improve lateral stability through exercises.", "answer": "Incorporate exercises like lateral lunges, side plank variations, lateral band walks, and lateral step-ups to improve lateral stability and strength.", "category": "general_qa"}
{"question": "I want to start a home workout routine. What are some effective exercises that require minimal equipment?", "context": "Looking for effective home workout exercises with minimal equipment.", "answer": "Bodyweight exercises like push-ups, squats, lunges, planks, and burpees are effective for home workouts that require minimal equipment.", "category": "general_qa"}
{"question": "What are some effective exercises to target the upper back and improve posture?", "context": "Interested in exercises to target the upper back and improve posture.", "answer": "To target the upper back and improve posture, include exercises like seated rows, band pull-aparts, YTW raises, and thoracic extensions. These exercises engage the muscles in the upper back.", "category": "general_qa"}
{"question": "What are some exercises I can do to strengthen my wrists?", "context": "Looking to strengthen wrists through exercises.", "answer": "Wrist exercises like wrist curls, wrist extensions, and forearm planks can help strengthen the wrists and improve grip strength.", "category": "general_qa"}
{"question": "What are some effective exercises to target the calves?", "context": "Seeking exercises to target the calf muscles.", "answer": "To target the calves, include exercises like calf raises, box jumps, skipping, and stair climbing. These exercises effectively engage and strengthen the calf muscles.", "category": "general_qa"}
{"question": "I want to build overall body strength. What are some compound exercises that target multiple muscle groups?", "context": "Looking for compound exercises to build overall body strength.", "answer": "Compound exercises like deadlifts, squats, bench press, overhead press, and pull-ups target multiple muscle groups and are excellent for building overall body strength.", "category": "general_qa"}
{"question": "What are some effective exercises to do with a stability ball?", "context": "Seeking effective exercises using a stability ball.", "answer": "Exercises like stability ball crunches, hamstring curls, glute bridges, and push-ups can be performed using a stability ball for added challenge and stability training.", "category": "general_qa"}
{"question": "What are some exercises to target the hip flexors?", "context": "Interested in exercises to target the hip flexor muscles.", "answer": "To target the hip flexors, include exercises like lunges, knee lifts, leg swings, and bicycle crunches. Stretching the hip flexors is also beneficial.", "category": "general_qa"}
{"question": "I'm looking for exercises to do with dumbbells. What are some effective ones?", "context": "Seeking effective exercises using dumbbells.", "answer": "Dumbbell exercises like bicep curls, shoulder press, bent-over rows, and goblet squats are effective for targeting various muscle groups.", "category": "general_qa"}
{"question": "What are some good exercises to strengthen the rotator cuff?", "context": "Looking to strengthen the rotator cuff muscles.", "answer": "Exercises like external rotations, internal rotations, scaption raises, and wall slides can help strengthen the rotator cuff muscles and improve shoulder stability.", "category": "general_qa"}
